0,tamaramorrison@hotmail.com,pbkdf2:sha256:50000$O4Pke6uA$ab9c9b620c66d8ed51070e538f58a0a1cac1e106ab52eb4b29088ce1cc08a0b6,Gary,Cross,711 Golden Overpass
West Andreaville, MA 71317,52.958961,143.143712,227.11
1,stephenschristine@yahoo.com,pbkdf2:sha256:50000$66VG3Zxw$0c55faa790999a8c8eef8770b46feac5f523ff282ce52ef3ca3e381407c2dd2c,Chelsea,Greer,Unit 0903 Box 2173
DPO AP 08507,65.610695,-32.247320,113.09
2,jacqueline78@yahoo.com,pbkdf2:sha256:50000$lCrpGASB$6597f6b1bd93d6f032cae277959e017e6dc63fe5292be8655fbe898c2d104239,Jasmine,Perry,76960 Savage Port
Bartonton, NV 08874,36.600983,40.066283,309.96
3,danny30@yahoo.com,pbkdf2:sha256:50000$ghTicUKr$9a444e2423cb33dd6e9e5de24b5a14ab897567ac7edd2588d4757acb59a7e0c2,Steven,Bowman,22455 Higgins Junction Apt. 042
New Keith, OH 17493,-41.0853825,-126.215901,438.66
4,jward@gmail.com,pbkdf2:sha256:50000$pOFjenkn$3fd940ef11156ef10e0030499353dec58f67eb79e32490b3a059721ec0048777,Daniel,Duarte,731 Sanders Fords
Port Jasonberg, ID 60585,-72.327639,-134.543372,249.18
5,melissayates@hotmail.com,pbkdf2:sha256:50000$RO2HaNQC$f44d451bd7a5e3b0615eacdd03f994fa8d3b6d27a138bfdc7062f6046d4fc2e1,Joan,Atkins,809 Erika Valley Apt. 634
Petersenfort, WY 51431,66.4839605,-21.954682,379.23
6,stanleyclarke@gmail.com,pbkdf2:sha256:50000$KPq1rn7i$83f4f2b27ba107b455f3f6f7a936bff67b16622371f3fa6b1d56923761b24c2a,Ashley,Dunn,519 Kramer Crossroad Suite 418
North Kimberly, MN 99672,35.165804,27.598858,461.05
7,eric22@gmail.com,pbkdf2:sha256:50000$4ZdQYL4G$6926211ebd55172a36b1756438128cb7ef52b8a06a53599b7445a71a43cc31db,Melissa,Cantu,420 Michael Mountains Suite 485
New Victoria, ND 76634,21.444052,-96.163867,260.31
8,bramirez@gmail.com,pbkdf2:sha256:50000$YXiSiiKX$fafd59b589074ba04eb044c707da46535bb84f2127c3b3a1e8bd888fe41056c3,Christina,Smith,489 Roger Terrace
Davisfort, IN 71770,11.047629,39.379532,452.85
9,kellypeter@gmail.com,pbkdf2:sha256:50000$rYqiu1yG$98a829a88b89a73cd4fa56f9ae26aedb7e7c95f41ee650e5ed067781fb4373e3,Melissa,James,637 Neal Island Suite 074
Lake Tyler, RI 28775,49.5419055,-107.833532,269.08
10,fcarpenter@yahoo.com,pbkdf2:sha256:50000$usxYAY9I$2aefeb0633440f245592f2faaeae11366a0defce74030d03ce23d60a7a49c03c,Amanda,Schultz,491 Wise Knoll
Ellishaven, SD 72221,-50.4055775,101.407260,243.27
11,allenmargaret@gmail.com,pbkdf2:sha256:50000$75EYBdHG$0be7ae8f0a6522b51c890c1210c433926d58945512090291715abd74fc7c6783,Danielle,Daniel,48107 Hardy Causeway
Wernermouth, DE 11722,-2.719965,-42.829557,452.27
12,jeffrey31@hotmail.com,pbkdf2:sha256:50000$vHYayyl2$345fbfa7a32d8f0684255edc979268af3bf72a9c269fda223cf45683c7572d44,Alan,Mendez,886 David Rue
Davidshire, IN 88959,4.5170765,-8.417671,345.41
13,cooperelizabeth@gmail.com,pbkdf2:sha256:50000$7T9LpeIp$3a0d014712d6399857f011bcedfb2b21f6a29f50c1a1049e32db8ef1faab4e3e,Matthew,Perez,250 Burton Burg
North Alexander, MD 09223,4.8818415,146.685456,229.55
14,bryantjennifer@yahoo.com,pbkdf2:sha256:50000$n2F6t0a7$fe3e7450d58c6f1d0d724ce02ba921c2467b55f3cfe9e4e1b0d602b4507b2a3b,Oscar,Bennett,85265 Pratt Lock Apt. 484
Maddenside, OH 34900,-84.101049,-89.352567,253.06
15,rfischer@yahoo.com,pbkdf2:sha256:50000$DlgaggbQ$663d544f00b1afcb7c977aaf225afc56d3424108baa7e5f92782ad33598081a6,Brenda,Williams,931 Ramirez Village Apt. 821
New Daniel, SC 71728,53.017048,9.706360,6.54
16,mark06@yahoo.com,pbkdf2:sha256:50000$Oi8DHlJC$11a332ff47787cccb5c1162d491b372f003bb456acf537e5146c2898870da77a,David,Macias,3666 Terry View
New Stevenshire, OK 93626,52.027828,-94.897047,69.05
17,gutierrezbryan@yahoo.com,pbkdf2:sha256:50000$g9xoMj85$1bf4411d61ddde7bd5959386dc29fbb9fc73a4a4617c6f1075741a324d7f0f2d,Kelly,Mckinney,11695 Rogers Lane Suite 125
East Jessicatown, PA 25842,-77.4603705,98.962498,199.06
18,kford@gmail.com,pbkdf2:sha256:50000$76emaWVw$f0a3dfc49e9a108bd14f475e37f85e3703bf039a7b88cab097531d10d9647d88,Gail,Blackburn,507 Williams Garden
Markbury, IN 21947,18.384389,150.719906,289.98
19,eknapp@yahoo.com,pbkdf2:sha256:50000$TlYcmyw7$8e428823bbffe8374143b22a9aebba3995da2fd251969c9acd6ba4c73674cb16,Joseph,Jones,Unit 6637 Box 6363
DPO AP 63570,-50.353508,-97.777097,453.67
20,tjones@hotmail.com,pbkdf2:sha256:50000$UD1JQqg3$cadb0e0921f09b96ddd1a561e9d63e3eec918b96518e91874080e1e174cc2b48,Tina,Thompson,646 Michael Curve
New Michaeltown, OK 52719,20.3527875,-94.632521,39.99
21,samanthajackson@yahoo.com,pbkdf2:sha256:50000$75SmV4Mq$319dacf30d384267b41e893bd3001b1ab99c2f7e99f0902fa76d63828fb75103,John,Rodriguez,28818 Anthony Row Apt. 869
South Jean, KS 03275,-27.0420985,23.241391,27.48
22,mariahwilson@yahoo.com,pbkdf2:sha256:50000$bptuQEnt$5a840ca2d7fa27e53e2080399a4ab8c3bc3462f88464e1a1beed0eefc1609e2f,Dana,Jimenez,14963 Stuart Wall Apt. 343
Kellerstad, MS 80771,61.966751,40.107626,444.60
23,meyerchristine@yahoo.com,pbkdf2:sha256:50000$My9B1BuS$e123dd1e57e96cf81a16ef4403e6e0a08e917c21d88ddaa23689087df57c0f8f,Aimee,Nichols,USNS Miller
FPO AA 26414,61.9060435,151.835360,274.22
24,lopezsarah@hotmail.com,pbkdf2:sha256:50000$bfl2Hk4q$e55af7593d85320a8e84a9abee518c2212561b96330c0b0ed29a97b9bb2ec7af,Blake,Wagner,70867 Ruben Glen Suite 723
Campbellfort, FL 68970,-22.429891,-124.564333,62.07
25,meghan71@gmail.com,pbkdf2:sha256:50000$8hGjkeEU$c11e7cd78a8a2eb3f2836df489697f6a133f54c980d3ff74334ba8b4011279ad,Ashley,Sheppard,Unit 5732 Box 5857
DPO AA 58028,-40.821662,98.748968,386.14
26,ygraham@hotmail.com,pbkdf2:sha256:50000$pJlkc21J$7af3a813d3fceb376711d235b2b2b418fb212c5a0653c3b57ee808a6c743769e,Pamela,Allen,1974 Patrick Summit Suite 394
North Ericshire, NM 08797,56.006030,108.408209,59.55
27,milleralexis@gmail.com,pbkdf2:sha256:50000$btpSxdJE$65ea48e0f00f7b6da64c1b61e2f11d93997a03b3a91f4d800ba87fe48ace06df,Russell,Robinson,2458 Jason Village Suite 248
North Donnamouth, VT 42872,81.0351905,-41.563553,364.35
28,amy23@hotmail.com,pbkdf2:sha256:50000$teLoJzda$0c9ad1e1e12874a287cc752653a21022150e428e3124520411fb49d36bd409fb,Toni,Smith,6670 Jenna Walk Suite 332
Port Kevin, HI 72810,-23.209845,97.350246,473.90
29,grobinson@gmail.com,pbkdf2:sha256:50000$jbryKf8G$78dd1cb0558c4fb0a685b6bfd89e7c6caaae0745f1b5bc778759cfb191c982fd,John,Gross,4559 Foster Locks
Emilyshire, IA 25248,-87.168706,-49.524309,71.76
30,lesliewhitney@hotmail.com,pbkdf2:sha256:50000$qY3xaxTL$d7f7aab5c1382cf474532b84063ad4d75124fe22710556854607acbf20c0dec0,Seth,Cruz,300 Merritt Bypass Apt. 816
Martinborough, AR 44951,75.934321,-86.806496,248.61
31,vschneider@gmail.com,pbkdf2:sha256:50000$kyeODJAF$2bf4dd5e02044ab07125001bd086577160630e1a8e652949cafe789362862c7e,Brian,Kelly,Unit 2166 Box 7052
DPO AE 92631,-56.068834,172.659797,107.52
32,harnold@gmail.com,pbkdf2:sha256:50000$3v9320jb$e1abf2748b9693a6d2f908dffe92f79c9553b7aac564ac33b5d61a74514c9f55,Ashley,Cook,3475 Ruiz Pine
North Lesliefurt, MO 71569,-22.1622035,-66.379864,73.82
33,blewis@hotmail.com,pbkdf2:sha256:50000$38cynAHI$8fdca90a76430baa14fbe863853619ff7d14a097ce95cabcc340d30ba01d3223,Ashley,Williams,6037 Vega Vista Apt. 078
Port Paul, TX 76557,35.2917945,95.098574,319.76
34,hbrown@gmail.com,pbkdf2:sha256:50000$squa2KGV$bf7cd3d6308a5df07221d3b1278012cff53c4ac7e7f179d5a5043aa868e72c30,Ann,Crawford,0033 Melanie Mount Apt. 484
Barnesmouth, TX 97852,-21.0924115,115.489403,81.97
35,barnesdustin@hotmail.com,pbkdf2:sha256:50000$SHg9VHan$16e313960a169130d99a77393d222a5a769cf33ae2c526e6e59f8c46ab1eb6b8,Chad,Bridges,8724 Rachel Squares
Latoyabury, FL 27650,-84.578427,-157.854333,257.40
36,palmercassandra@hotmail.com,pbkdf2:sha256:50000$WrDlz1SD$5de386a534ea960d8cb9c7c2f079217543d62edc379a5c1b562c6ab34eeec368,Dalton,Fritz,33319 Russell Village
New James, CO 25596,-64.443297,97.512852,266.81
37,alisongreer@yahoo.com,pbkdf2:sha256:50000$z8zQhIDB$660b43ea679d9b7e2a1c564fa885a5be137c50b4e4a53b10d0d8c543cd6e3300,Madeline,Stevenson,3348 Curtis Street
Fosterberg, CA 38222,-65.4626795,144.415721,79.74
38,jasondavis@hotmail.com,pbkdf2:sha256:50000$GKXqRULa$d2f5dcf886169b14cf45e832364f1dd4bea0bb5e10ab304517a0f334bca480e4,Valerie,Charles,496 Jeanette Divide Suite 055
Danafurt, AK 39361,83.7815605,-127.105774,126.66
39,markchan@gmail.com,pbkdf2:sha256:50000$OxBTQEPe$7bffc3db14b046bc702269d1c552b3243b471b90f5a821f4eb42f3a2e3bbad5f,James,Scott,742 Jared Green
Lake Anthonyport, RI 94947,-7.7847455,-134.535181,63.31
40,hsmith@gmail.com,pbkdf2:sha256:50000$bvNdc3LZ$c2cea22393b04d5a35744cefb48b0120b8fb14fbc8667cdcbf07e00adf5dc7aa,Christine,Gardner,12722 Scott Village
South Janet, AK 73995,-10.4543825,142.542407,42.80
41,caleb01@yahoo.com,pbkdf2:sha256:50000$PvBjvS83$f0077791c81faadc2c60159375340c842474ea2179a07af301deaf84ed99e12a,Keith,Jones,431 Johnson Neck Suite 039
Mariechester, VT 67849,-3.1438475,165.035569,329.52
42,wjones@hotmail.com,pbkdf2:sha256:50000$1vP8YGRi$c56e49de57168646bc63d97c09b1867397ed8b7b59c89455c9c63490daa3142a,James,Collins,PSC 1744, Box 4609
APO AA 43993,-44.385507,6.111692,424.37
43,crossangela@gmail.com,pbkdf2:sha256:50000$gCFbn8us$0d9a5c58446318ac0c464fb7cfbb7367efa14ea1730c1413ae26423b51c69898,Taylor,Reynolds,Unit 2812 Box 5682
DPO AE 82621,-68.1902965,134.343013,405.48
44,smitchell@hotmail.com,pbkdf2:sha256:50000$0Cm6jRJy$2c5d349664acc71c3c64fa8fdb7a03783f259752d8decf23c8dc047a0f33b17d,Gary,Long,41560 Perez Viaduct Apt. 458
East Tylershire, OR 10193,-53.2636645,-80.026532,132.00
45,sanfordrobert@gmail.com,pbkdf2:sha256:50000$XPU2g2qj$bfd17e4178867c5d9c838199d299c6149f39fabe8f4614dba2874a3209b7921a,Mrs.,DDS,544 Bennett Passage Apt. 788
South Joseph, WV 53804,8.037358,-117.169226,142.91
46,freynolds@yahoo.com,pbkdf2:sha256:50000$WMarUC5f$3928c87ee788c039fca6121a37f89a0aa5a561c19801db7a155443dc8dff5d80,Julie,Taylor,51191 Sandoval Prairie Suite 207
Sullivanborough, MT 35472,-5.269041,56.345033,219.26
47,christopher91@gmail.com,pbkdf2:sha256:50000$lEBdInNk$e9d2e2f76f5017a21720aff1a3c927629d13ce7b74cf14cafc87cb920281fd8d,Elizabeth,Lopez,106 Peter Oval Apt. 201
Lake David, PA 12810,-46.1979175,-33.804466,460.38
48,collinsgordon@gmail.com,pbkdf2:sha256:50000$t6Q88fuO$13066b95fcd9466a66298d20630592ca615c837da736e8ba2d8e9266a2d58aaf,David,Kelley,Unit 7844 Box 0992
DPO AA 26153,44.0831065,-58.570319,271.67
49,richard56@yahoo.com,pbkdf2:sha256:50000$S2nLaULk$7c60bf9960b26aa235cb8a2993343464be6c1c4d99fc74b347aeb42d4d38c072,Daniel,Cortez,31925 Ware Trail Suite 586
Riveraview, ME 58653,-3.795660,-12.586616,7.27
50,fosterbryan@yahoo.com,pbkdf2:sha256:50000$wxLU2TXV$f0ceb2abd81bb5945a440924e768b62a6a571b61c60f358b1566b8a13bdc60df,Laura,Morrison,224 Sparks Islands
South Valerie, ND 13613,-46.0261445,135.278226,452.31
51,anthonyvincent@yahoo.com,pbkdf2:sha256:50000$aEf1Om42$fd62c7437026eddd4fa7d5468201e4dba30e829a007595d24d1988fbc0bccf98,Renee,Moore,5285 Lisa Course
North James, VT 86261,31.915595,-143.703781,181.75
52,sawyersamuel@yahoo.com,pbkdf2:sha256:50000$eUxrPIgg$b3e1c5395ea7de0c4c1f5f0fa86b6c4dc475424b571414aa74c10b145dfd663e,Alyssa,Farley,938 Jason Summit
Gallowayville, GA 21419,-42.4702525,-29.092291,274.07
53,gstone@yahoo.com,pbkdf2:sha256:50000$bavWNXdu$f433feb1baf5a1be7b5fcd272449d4ee780f58391ad7817afb06f5348059e007,Alexis,Williams,810 Ralph Via
Georgefurt, TN 42292,65.899473,-16.902660,125.86
54,kevinflores@gmail.com,pbkdf2:sha256:50000$79RLXL3B$a994a0ed61b5ef18e7298dd764f65b5e38fe896109f3a2c2547c7fb08655a4f9,Jasmine,Castro,983 William Oval
New Jessica, DE 20592,64.7213075,42.847480,493.81
55,gordon43@hotmail.com,pbkdf2:sha256:50000$MDCthhZ6$f307217ce979b4ae6aad69d4259189e2487c3f8aa6846fb2078352fc4dedc0aa,Joseph,Williams,411 Craig Knoll
East Lauren, VA 97386,-61.8066645,-36.067942,353.30
56,matthew91@gmail.com,pbkdf2:sha256:50000$vZ1KTndw$6afab93c111b16e34bb6beb796bfe0be2b8307e21559674a408b9be19a534d18,David,Waters,2185 Curtis Summit
Lake Franceshaven, UT 65182,-77.752838,40.477496,324.51
57,tricia79@hotmail.com,pbkdf2:sha256:50000$lXqQFvPj$d5ae225e7cbddc79353e8da55014b50b34203562bbf13c8b6715b93b3f061233,Jodi,Moore,PSC 1503, Box 3744
APO AP 49592,78.704221,131.937478,431.99
58,kaitlyn18@hotmail.com,pbkdf2:sha256:50000$2vv21TyR$5bf09eb12f1960f67fe84113b987c8e5fba4daf0f2b6a5d39a5e88214f21d623,William,Mccarty,165 Lisa Ville Suite 918
New Emily, AK 02870,58.692905,-22.213192,255.94
59,luis49@hotmail.com,pbkdf2:sha256:50000$VBkhH8tY$d7021b06712491038f3c59f51bae874274f26f3fe93dc652cb0de6f5688b77ee,Michael,Goodman,1128 Kimberly Lake Suite 506
Grantport, NJ 06309,-1.1522445,-172.002898,38.44
60,taylorterri@yahoo.com,pbkdf2:sha256:50000$My3zUubF$f41904064ca3e64dcbc2eeb81b9cb6ce10f90dff57d48d55dd1c5244986745e9,Wesley,Harris,39787 White Greens Apt. 054
Conniebury, AL 08275,-62.433538,34.879385,84.02
61,ferrellkeith@hotmail.com,pbkdf2:sha256:50000$uu9VnZnI$862290c1c9b0ccf546d586b1e365030fea8c9a01549784cb2f6f19edc36a5711,Brent,Hernandez,5263 Eric Mount Suite 930
Derekmouth, OK 12916,-22.269559,-99.301284,220.00
62,tylerdavid@gmail.com,pbkdf2:sha256:50000$1ofJcM6C$45dbc4e74c75d142de90d49e8301da73e4d106cc1b346859dce56cf17371032e,Matthew,Cisneros,96654 Kelly Parks
Randybury, NH 26983,38.8137925,6.897960,464.94
63,fthomas@gmail.com,pbkdf2:sha256:50000$WB3ihA2o$abf65119fcad2e293f95fa5b4b7b30de8c7c83700a58365fc9bfb89d0c7ebf72,Joshua,Barron,5899 Ryan Station
North Christineborough, MD 84710,-13.881941,-80.290321,181.26
64,rogerwright@hotmail.com,pbkdf2:sha256:50000$z4okDk8b$209738030b04f6b77d03a6fc2b68747946bd9d9397b059faa28ba003d578442b,Mr.,Turner,PSC 3232, Box 0907
APO AA 72211,80.362503,-1.237071,49.42
65,baileylinda@hotmail.com,pbkdf2:sha256:50000$gGiFT719$27a2d1c7c23ed8c5084ae1ec1c7240dc0906e257362fd36d51156e7e884365e7,Robert,Simmons,69475 Rachel Light
South Joshuaton, MA 06327,73.3611205,5.368301,317.88
66,matthewpetersen@hotmail.com,pbkdf2:sha256:50000$aVi5MhA6$20bae216a7b8ec3d2273a32de7e41ddaf42841630e494a23d46604fb9bc06bb6,Robert,Dunn,46977 Rivera Route
Port Caleb, ND 66244,-55.0844615,31.429102,122.65
67,uhill@hotmail.com,pbkdf2:sha256:50000$rbWmuVdK$3b02ebc72300780280a21328b3725bab7a2d7bf53bebf1ca298dbb5868233303,Tonya,Andersen,473 Joseph River
East Dennis, VT 04136,-64.0312375,-90.537848,195.59
68,courtney48@hotmail.com,pbkdf2:sha256:50000$mKVmz04l$b8c0d901a0b5cb2ab732c7399604a4e1ebd0d9a9a6e12b30edc507ecbb26c133,Joseph,Williams,7944 Gamble Curve Apt. 781
East Frankchester, ND 33417,-28.008357,140.700508,266.08
69,kayla85@hotmail.com,pbkdf2:sha256:50000$NkRmTWM9$1e6212453e56bbb7f94b1a9afe7d057d6462fffd8a9de1b90e8a97d040c6dc1e,Tammy,Peters,94374 Bobby Mews
Lake Garrettville, MT 30715,-5.825986,139.679450,370.11
70,jmcmahon@gmail.com,pbkdf2:sha256:50000$UJwuamzl$805f960dd381c83f8375807c0312b99260753e8ef6c5877384810f306bf1104e,Jimmy,Walker,4101 Savage Park
South Lorraine, VA 53629,-27.849076,-156.552541,232.09
71,smithstephanie@yahoo.com,pbkdf2:sha256:50000$BcMCNK7t$3fcc7b12a128c0c1bf4a67067d37859e70d13b2797ad8e956c22f6dc8b9d445f,John,White,36106 Carlson Crescent
Shelbyburgh, PA 06683,86.1176525,84.716210,81.27
72,josephwinters@hotmail.com,pbkdf2:sha256:50000$jeQ0cDux$2ce76f6b543209c35829d6906c394dde112e69f7824b4003cf005780b53e04d4,Bryan,Sanford,953 Brian Bypass Apt. 351
West Jonathanton, CT 55987,9.395313,-9.061689,499.93
73,laurajones@yahoo.com,pbkdf2:sha256:50000$AnkG54QG$906cf23e8b3390135f59c13c745b4a26772cba6be8b789ea70244d4663ca43c5,Tracy,Shannon,1566 Allen Vista
Savannahfurt, OH 37483,-13.117081,88.869188,106.23
74,sknapp@gmail.com,pbkdf2:sha256:50000$k9r3MfJa$9cba9d56c3a0a77b2298cb6481b79323b237aea6ea9cbfa1624e634121560ab1,Jessica,Reid,93550 Neal Vista
West Christinastad, MT 10762,-52.9719075,175.935831,233.60
75,heatherfloyd@hotmail.com,pbkdf2:sha256:50000$Phq6SbMz$85c8f9410a6735e2039874f725202497f0449cdafe8e1bb4888dbac47e4a041f,Joshua,Schultz,7463 Anthony Street Suite 673
New Courtneyborough, WI 44380,19.998593,-111.581816,358.23
76,jacksonmorris@hotmail.com,pbkdf2:sha256:50000$7x2mgHoP$52d0de83278044b1b89dccab6b5573229266b28a80954d631664734317630d79,Edward,Ochoa,9104 Hardy Flat
Lake Melanie, MA 40475,-19.895997,-176.202428,179.57
77,williamsmith@hotmail.com,pbkdf2:sha256:50000$t8Ozklgw$4cdd5693dc3e371a8437c1ba219676f814d6fd771c4feb9a8557a9beb8412963,Alexander,Vargas,839 Gina Parkways Suite 180
Lucaston, TX 96089,85.814033,167.206827,310.78
78,mjohnson@hotmail.com,pbkdf2:sha256:50000$naveD77d$05b8bee83f4defe034541a3c8eeaa51b1dbdd95aaa7972e9c5359419f6d1a4b5,Kevin,Cruz,14038 Chandler Points
Stephanieville, WA 66447,74.7520285,144.043539,210.02
79,hopkinsemily@hotmail.com,pbkdf2:sha256:50000$pK6WOOhe$21991733846b0390f80b6c0191d1f27af9c5c2ca9dd45746bd950ff29845b6ab,Andrea,Allen,5316 Higgins Rapids Apt. 999
Mccartytown, ND 63318,33.300963,-98.929439,153.13
80,kathryn72@yahoo.com,pbkdf2:sha256:50000$HIBnLMBY$8fcb7f46444f041b0cca380d8def46d2ab8a55b8d49c0a313f12ea47daca024e,Amy,Rodriguez,24798 Kyle Shoals
Maryshire, IN 42719,-5.085330,51.130260,102.30
81,shellyjennings@hotmail.com,pbkdf2:sha256:50000$e79xpEX3$d57105987f0b70bee383227ca902d43aa94988084a369a1426b3f147cb181613,Denise,Gonzalez,821 Bass Ferry
Lake Jordanchester, ME 27611,-69.925435,9.746099,158.32
82,shelly09@yahoo.com,pbkdf2:sha256:50000$cWicYVFr$c026c0e07e87510214a41938e498156d39d1a8c1c3c74a37ebce5e48b1144bd8,Frank,Stewart,964 Jeffrey Brook
Wilsonborough, LA 77818,-89.6333545,40.039877,340.11
83,martin44@yahoo.com,pbkdf2:sha256:50000$wOSvBDsy$fe6c21768f144a6cdb3c6f6ccc5e7c3adf336bd36d6c1c6747a210d9eabd5c43,Chase,Walker,734 Johnson Lakes
Tiffanyshire, IN 92362,74.230139,-166.076512,57.89
84,christopherwilson@hotmail.com,pbkdf2:sha256:50000$3vDDxVPp$f44555a817dc2cbd2eea75f053a0a8aac15baec7543a55ed3728c1e5cfb3187e,George,Butler,57715 Harper Street
Barryborough, LA 34759,-81.5290405,-141.720359,382.41
85,steven26@yahoo.com,pbkdf2:sha256:50000$apJp3e6y$14f58d38ac7100787a8c5af5a13ca6a314e4bad308c34b2c09867f0844cb0c49,Shawn,Gregory,747 Lee Ford Apt. 772
Port Russell, IL 46141,67.219820,-108.887663,209.93
86,amyhuff@gmail.com,pbkdf2:sha256:50000$hLl86ogI$92d9cf495417f02c546ccab34553a026305cc7dc2fb78a6023f4f9bad7d02ae0,Glenda,Shelton,44232 Peterson Parkway
Port Stephanie, OR 06453,-1.2239265,-69.618236,240.63
87,gilmorekevin@yahoo.com,pbkdf2:sha256:50000$nRWRawmz$150759f6775e4fdf38b732d2cbf32acc5bed09e110f8a9211f5017e7c09abd5b,Holly,Beasley,5703 Lyons Isle Suite 501
North Lawrenceshire, DC 98234,-39.865589,-74.240379,307.93
88,elizabethyang@gmail.com,pbkdf2:sha256:50000$gmFMngBh$ee714c3ddd82e93b5ad459126d242e84721ea90ec812ed2426a667872b447553,Savannah,Miller,300 Salazar Square Apt. 339
Boyerhaven, WV 23452,23.7221905,-102.209867,2.30
89,jeremy83@hotmail.com,pbkdf2:sha256:50000$bLia5Ty2$e7c48771fd594a7a00587d60912b37feb7a305ef46e881b026886901a24e4160,Spencer,Duncan,1604 Perry Island Suite 400
Cortezville, AZ 28041,-44.430798,-122.228706,258.37
90,jonathan73@yahoo.com,pbkdf2:sha256:50000$VajmqDuW$161b4b17889f1c42d4f4ecc9b8aa9582184a335ca7eeba5e984c316910b5e0ff,Brian,Lawson,9928 Leach Cove Apt. 182
Mooreton, IL 16060,-55.195734,-148.249134,309.71
91,ukirby@gmail.com,pbkdf2:sha256:50000$cvGo3IXv$ed0d362b6f86984d50d2eae035dfaa25b313ec772c51fa13505e72718461c47e,Matthew,Miller,430 Davis Streets
Jessicastad, PA 95772,14.511750,146.558863,52.79
92,inelson@hotmail.com,pbkdf2:sha256:50000$IxJf1miB$07b36f53029a3f19c68c6d0a7a5711069b6af3a4cb5b0340bfb9909b1b52e884,Dennis,Mcdonald,USNS Davis
FPO AE 17008,78.042553,-110.538445,439.37
93,tyler75@hotmail.com,pbkdf2:sha256:50000$wdjOIEvZ$c3a42585cc1c1f239f5fb1c7dce15608cce4aaf4b45318a9d612b1fbc0f21b58,Alexis,Phillips,710 Chambers Mews Apt. 429
Griffinstad, MT 71311,-18.646419,-160.691516,42.14
94,kennethwilliams@gmail.com,pbkdf2:sha256:50000$ESRE3kxZ$2fcd68a96b7395a621bf9a61048c865b328ccbd171c4658aedb750973e7cd839,Thomas,Richards,145 Roberts Common Suite 347
East Lindseyville, MA 56035,8.120712,-94.451604,157.59
95,richardcollier@hotmail.com,pbkdf2:sha256:50000$5GIpKq2t$ce26441248e08eb889334ef341ae9c4deda4179ae6f7254c33bc8e2f35280665,Ronald,Rangel,43856 Michelle Garden Apt. 763
New Kathychester, VT 65096,-4.9598425,-120.136376,487.87
96,amandadiaz@gmail.com,pbkdf2:sha256:50000$gy3w62jA$537d349aa1e84b0e32ddeec7076947da8a2e4c488c9f1b35f9107767f1379043,Richard,Perez,79532 Kevin Parkways Apt. 636
Matthewsfurt, OH 00922,-2.842921,0.811067,268.13
97,dmurphy@gmail.com,pbkdf2:sha256:50000$MhYVNqgP$ef2ba6b733cfa7c890391761206f935d72ce9f4ab8fd0dcf42f6f92058eb608d,Amy,Decker,814 Williams Trail Suite 707
Port Jacqueline, RI 46733,-36.5748885,41.785689,301.85
98,debra23@yahoo.com,pbkdf2:sha256:50000$p8SxUdlQ$1d8016083c8803b314d3e36cf6efcd97a671c7254b37f93204ef1698e66ce437,John,Bell,7723 Cardenas Squares
Lake Jeffreyland, NV 62157,-45.210766,-130.842720,126.05
99,lori81@yahoo.com,pbkdf2:sha256:50000$8CbEjYgw$8c760ff79811a3cdcb3ffe2354f0fe5fb5aa113e019b78e3bc863ef117d42c9a,Kyle,Griffith,453 Cooper Plains
Salasmouth, NE 53528,-38.1536715,102.541524,43.43
