"0","tamaramorrison@hotmail.com","pbkdf2:sha256:260000$DiPSR7yLwqNp3Ooh$c787296ebd46caa0006a82683cacc7432f7ae1e12c7482e6060bc45cfda47426","Gary","Cross","711 Golden Overpass
West Andreaville, MA 71317","52.958961","143.143712","227.11"
"1","stephenschristine@yahoo.com","pbkdf2:sha256:260000$Apexbm7b9CU39EdX$bc184065d4cfffa5f5b2196258982d7cc894e9e617a1eba35f2d0ccbcaa6da68","Chelsea","Greer","Unit 0903 Box 2173
DPO AP 08507","65.610695","-32.247320","113.09"
"2","jacqueline78@yahoo.com","pbkdf2:sha256:260000$Du7aYaL04K1NsaZx$66b15a015e354a6375c22a0c513dec4dca520f4636d2bbf0d13d46c728bf615c","Jasmine","Perry","76960 Savage Port
Bartonton, NV 08874","36.600983","40.066283","309.96"
"3","danny30@yahoo.com","pbkdf2:sha256:260000$s7fS2RRB84fpcTWV$4d6ac67c6cb18a0f2ce5c789da1d9b86917c3900c4174dc48f8e652fda17ccea","Steven","Bowman","22455 Higgins Junction Apt. 042
New Keith, OH 17493","-41.0853825","-126.215901","438.66"
"4","jward@gmail.com","pbkdf2:sha256:260000$N3sQi851OKsiKyIq$1c5be8ea1d0141b7ffc17a4ff8e6055c41ddf0494f1de15b518de071f2f3104f","Daniel","Duarte","731 Sanders Fords
Port Jasonberg, ID 60585","-72.327639","-134.543372","249.18"
"5","melissayates@hotmail.com","pbkdf2:sha256:260000$PfsI66qC9qQSKc77$62b2357a6a2cf61f7f61d1c23531e62ffc69bcaa219d7a4dc4ebe654de77a200","Joan","Atkins","809 Erika Valley Apt. 634
Petersenfort, WY 51431","66.4839605","-21.954682","379.23"
"6","stanleyclarke@gmail.com","pbkdf2:sha256:260000$umFzrTccFWxICVeZ$681d1b760c5646ddff205033a13e73ed8b550901ed3641cca2b4b1d9af0fa7f5","Ashley","Dunn","519 Kramer Crossroad Suite 418
North Kimberly, MN 99672","35.165804","27.598858","461.05"
"7","eric22@gmail.com","pbkdf2:sha256:260000$A7pbYdYPlF5ydHDI$85e20d57f82a7ba50b3b7f86289b183a62d10d485bf755d0d9e1d136c9aa5519","Melissa","Cantu","420 Michael Mountains Suite 485
New Victoria, ND 76634","21.444052","-96.163867","260.31"
"8","bramirez@gmail.com","pbkdf2:sha256:260000$FLJdOZdMIBex0iFi$739280e9d74017f4588f4d410a8e9629a88248d0093c81e6868b29bff28c7416","Christina","Smith","489 Roger Terrace
Davisfort, IN 71770","11.047629","39.379532","452.85"
"9","kellypeter@gmail.com","pbkdf2:sha256:260000$Yk4xfcfuCExCQH7y$274a3726e466859ef31cfb380756bce4d8a314ef43bea07e2debb3503938346e","Melissa","James","637 Neal Island Suite 074
Lake Tyler, RI 28775","49.5419055","-107.833532","269.08"
"10","fcarpenter@yahoo.com","pbkdf2:sha256:260000$sbzHF4qXK1SL4MEX$bd9e1f187117aff5c9631819b06ee811bab928c3f7fbc516a36b11c22f3d42a8","Amanda","Schultz","491 Wise Knoll
Ellishaven, SD 72221","-50.4055775","101.407260","243.27"
"11","allenmargaret@gmail.com","pbkdf2:sha256:260000$39RasyJQe7zT4X2S$3f9bbefb48737681ad31e4fbead866be7b7bc3683dd4b5bcb37430242a058f35","Danielle","Daniel","48107 Hardy Causeway
Wernermouth, DE 11722","-2.719965","-42.829557","452.27"
"12","jeffrey31@hotmail.com","pbkdf2:sha256:260000$i5nzoqp0P4onYqPN$39e0add60ff08eb20583b65de4cc8ad69fa0e17d037723f312f92aa2861bf5aa","Alan","Mendez","886 David Rue
Davidshire, IN 88959","4.5170765","-8.417671","345.41"
"13","cooperelizabeth@gmail.com","pbkdf2:sha256:260000$T2CmrPmJ0qFqYbes$51cde1baac8009b6f887d623c7d41767ae9e532d89f22feab5e984f75ebd37ff","Matthew","Perez","250 Burton Burg
North Alexander, MD 09223","4.8818415","146.685456","229.55"
"14","bryantjennifer@yahoo.com","pbkdf2:sha256:260000$mu4X4GBQw3CBNUbL$a8a6e0bb66e4982ca226a6e29498c04b1386c26d4667182fbe6d79ea5b9c057d","Oscar","Bennett","85265 Pratt Lock Apt. 484
Maddenside, OH 34900","-84.101049","-89.352567","253.06"
"15","rfischer@yahoo.com","pbkdf2:sha256:260000$dg71cxgSowDZVnkB$af8b9a64048d7d881782082fafe4017ea41391935daf4146872cdf8af92f7afd","Brenda","Williams","931 Ramirez Village Apt. 821
New Daniel, SC 71728","53.017048","9.706360","6.54"
"16","mark06@yahoo.com","pbkdf2:sha256:260000$XlYtshQhQbTHwVbU$738184ffac18eda44e7a7165807632cc0e51966e660c0f3ea0990c92e70d8ec5","David","Macias","3666 Terry View
New Stevenshire, OK 93626","52.027828","-94.897047","69.05"
"17","gutierrezbryan@yahoo.com","pbkdf2:sha256:260000$IjpzeXdlQkHqJUF0$466969ab6b4859ad2e5f47742e389124099d2e7f97b4ccea50286ca149190ab2","Kelly","Mckinney","11695 Rogers Lane Suite 125
East Jessicatown, PA 25842","-77.4603705","98.962498","199.06"
"18","kford@gmail.com","pbkdf2:sha256:260000$N8awFHNmF9v5Pd4T$a102a90b4326802c94c0650c8ab10316b3b8a90cb51df7b817095bd25326ceba","Gail","Blackburn","507 Williams Garden
Markbury, IN 21947","18.384389","150.719906","289.98"
"19","eknapp@yahoo.com","pbkdf2:sha256:260000$RxC9UnTOvC19Z7Vi$c85452575286850757a0df12d33b02e1efceda6b85b7e91054717c4893702b33","Joseph","Jones","Unit 6637 Box 6363
DPO AP 63570","-50.353508","-97.777097","453.67"
"20","tjones@hotmail.com","pbkdf2:sha256:260000$57LmFjQ6SIVgx2jW$71f6fd88e715696a9541b098309629333e743f149bc7c138afdbf8b5ea3b918b","Tina","Thompson","646 Michael Curve
New Michaeltown, OK 52719","20.3527875","-94.632521","39.99"
"21","samanthajackson@yahoo.com","pbkdf2:sha256:260000$aamdSI0l0JBz1QLm$341c97c280fdbd843ece107792fc701078741d92eaf5562ffea2e73c8bd66cd2","John","Rodriguez","28818 Anthony Row Apt. 869
South Jean, KS 03275","-27.0420985","23.241391","27.48"
"22","mariahwilson@yahoo.com","pbkdf2:sha256:260000$DmGngDSbiIBHVppx$6ddcd3f1c5ec2cf621c9197be00086269416fc6f19a47cd55bb7fd8743b2dbf2","Dana","Jimenez","14963 Stuart Wall Apt. 343
Kellerstad, MS 80771","61.966751","40.107626","444.60"
"23","meyerchristine@yahoo.com","pbkdf2:sha256:260000$mzpYhD9TugQFGJi3$6f3968b148a16f607b7bb2ce45bf3ec69d5d8ebd260bc82385f5a6611c309815","Aimee","Nichols","USNS Miller
FPO AA 26414","61.9060435","151.835360","274.22"
"24","lopezsarah@hotmail.com","pbkdf2:sha256:260000$jnSZMUVfZiqyGs7V$b4f95bbc8d9a4c90c4950a121707777bf9de242e88de76035b39a8f21fe80f23","Blake","Wagner","70867 Ruben Glen Suite 723
Campbellfort, FL 68970","-22.429891","-124.564333","62.07"
"25","meghan71@gmail.com","pbkdf2:sha256:260000$nlwSkUeV8hLx9clU$14f61daa5d7a382b41fea922f23a7a19972da026056937a54ba990f7379680e7","Ashley","Sheppard","Unit 5732 Box 5857
DPO AA 58028","-40.821662","98.748968","386.14"
"26","ygraham@hotmail.com","pbkdf2:sha256:260000$i6VSZRlujFs2BxjH$a8da7618cc9a7aa491f55f54f6da436ee8deb2971e87874e3ffe76cf2678a78a","Pamela","Allen","1974 Patrick Summit Suite 394
North Ericshire, NM 08797","56.006030","108.408209","59.55"
"27","milleralexis@gmail.com","pbkdf2:sha256:260000$QXL9y806KhIR7tde$05c773a1d34607e8995be2ecf1009e5aef443b98d27318ef6d589955b6efc774","Russell","Robinson","2458 Jason Village Suite 248
North Donnamouth, VT 42872","81.0351905","-41.563553","364.35"
"28","amy23@hotmail.com","pbkdf2:sha256:260000$uRYuzQHpuKIl0Xii$a489b065ae08cb8d287d5cb756658544e1c128a94aa1234b1c9d2f36bcd6b825","Toni","Smith","6670 Jenna Walk Suite 332
Port Kevin, HI 72810","-23.209845","97.350246","473.90"
"29","grobinson@gmail.com","pbkdf2:sha256:260000$PG7gXEIxjkYEOvqy$0781f4840e67a3e5c3814e840703604f982ada94ef2d10cdd9361f58cbb7a8c7","John","Gross","4559 Foster Locks
Emilyshire, IA 25248","-87.168706","-49.524309","71.76"
"30","lesliewhitney@hotmail.com","pbkdf2:sha256:260000$T9XPi8L1YJx4TNhF$5f3dca208501cca6b510eb8980de650687e37c14a43a1075c15864096c7de2a6","Seth","Cruz","300 Merritt Bypass Apt. 816
Martinborough, AR 44951","75.934321","-86.806496","248.61"
"31","vschneider@gmail.com","pbkdf2:sha256:260000$CyjN6Peaj3rOzMoo$4890d63982dcc2294023ebf91cc0448a07fffd4e45f8fee5e6b61b29ea1f1749","Brian","Kelly","Unit 2166 Box 7052
DPO AE 92631","-56.068834","172.659797","107.52"
"32","harnold@gmail.com","pbkdf2:sha256:260000$LmWTyjh0irTQ4nPr$f8d52b76f5e6c7e7816caaf89f6cf0453cc542757e3c1ffa57a18500485af4c0","Ashley","Cook","3475 Ruiz Pine
North Lesliefurt, MO 71569","-22.1622035","-66.379864","73.82"
"33","blewis@hotmail.com","pbkdf2:sha256:260000$U3ubsRhhj1mlO9Ek$7820bbb40097940086c1630e1a47b4726161a1f9d7e97abfaa2898a9f5aa92f1","Ashley","Williams","6037 Vega Vista Apt. 078
Port Paul, TX 76557","35.2917945","95.098574","319.76"
"34","hbrown@gmail.com","pbkdf2:sha256:260000$YeB34otWxkdSZx20$3f47763e952f044e5dbc428623e52bd2cfe7a0a8a61da91bcc1de3b56c7e014b","Ann","Crawford","0033 Melanie Mount Apt. 484
Barnesmouth, TX 97852","-21.0924115","115.489403","81.97"
"35","barnesdustin@hotmail.com","pbkdf2:sha256:260000$N6K20kQefUkNtln9$fc0f86329c66e66c81b6a5ee6bca3a6f8569d9b213cc475c5de7a283ae3c4835","Chad","Bridges","8724 Rachel Squares
Latoyabury, FL 27650","-84.578427","-157.854333","257.40"
"36","palmercassandra@hotmail.com","pbkdf2:sha256:260000$NSqFUx6WgEThTINY$a7fb169ab940f43042c7300decc840e0ed51fdd54e2da7bb7ba1b5709436ccf3","Dalton","Fritz","33319 Russell Village
New James, CO 25596","-64.443297","97.512852","266.81"
"37","alisongreer@yahoo.com","pbkdf2:sha256:260000$v26ZEonGp9fS6MVY$6cd4ef6787e7af665312683814935f98f5381605505af0c0bc7c92ab7abe0d79","Madeline","Stevenson","3348 Curtis Street
Fosterberg, CA 38222","-65.4626795","144.415721","79.74"
"38","jasondavis@hotmail.com","pbkdf2:sha256:260000$xMSe20hBZDNSrqgY$71ccdf47f2a71d749fbe47c774c291700168cd28020fc51a808d42148a1895cb","Valerie","Charles","496 Jeanette Divide Suite 055
Danafurt, AK 39361","83.7815605","-127.105774","126.66"
"39","markchan@gmail.com","pbkdf2:sha256:260000$Pe3fy6FxuroopIHH$5d915a5fefb6049bb456b0dfb17e986d00a49b08f424c24ed3cb2712682f0218","James","Scott","742 Jared Green
Lake Anthonyport, RI 94947","-7.7847455","-134.535181","63.31"
"40","hsmith@gmail.com","pbkdf2:sha256:260000$5soAYtkdpsA46uU0$93298cff2a2677072a73c185daca14486fd10fd9c4d34cce1cde8c1be2e7ecf1","Christine","Gardner","12722 Scott Village
South Janet, AK 73995","-10.4543825","142.542407","42.80"
"41","caleb01@yahoo.com","pbkdf2:sha256:260000$Ru6sYxp9oBn920m5$6b9501592df9b06dabac2088e5096455358a43b354259c1f0a95f1ec6acf9fab","Keith","Jones","431 Johnson Neck Suite 039
Mariechester, VT 67849","-3.1438475","165.035569","329.52"
"42","wjones@hotmail.com","pbkdf2:sha256:260000$1M1s4jTAh7YSlyvX$f914fe091a85bc24031bad237c7f2d5f0649be0378d32e2abc72ce17ef0ae16c","James","Collins","PSC 1744, Box 4609
APO AA 43993","-44.385507","6.111692","424.37"
"43","crossangela@gmail.com","pbkdf2:sha256:260000$SmRtYlwScIKWq1OQ$e682459dfc0bccdc2457f5715f08d77dbcd274cead9d39ea47358dce3f372ab4","Taylor","Reynolds","Unit 2812 Box 5682
DPO AE 82621","-68.1902965","134.343013","405.48"
"44","smitchell@hotmail.com","pbkdf2:sha256:260000$j2nkiiKQYqGPrunc$4a8bcf4ab6abd29632b05da438dce4dc7d03b499ab3eb2c48b9015679dfc1d42","Gary","Long","41560 Perez Viaduct Apt. 458
East Tylershire, OR 10193","-53.2636645","-80.026532","132.00"
"45","sanfordrobert@gmail.com","pbkdf2:sha256:260000$kJz5nE1QuQC8tHgT$198ae04f633315e260e2a15f296428bc43cad9ce2e1d147a5e7969c15b526057","Mrs.","DDS","544 Bennett Passage Apt. 788
South Joseph, WV 53804","8.037358","-117.169226","142.91"
"46","freynolds@yahoo.com","pbkdf2:sha256:260000$XonRcjQJlB5nRtGP$8e203a6140f80d0c4cfca26585b11d557abbb74e0af0e67655a34d0eba43b6b4","Julie","Taylor","51191 Sandoval Prairie Suite 207
Sullivanborough, MT 35472","-5.269041","56.345033","219.26"
"47","christopher91@gmail.com","pbkdf2:sha256:260000$ajsOJsIrSYHNBOy8$adad4d93621defbe54c21ae079503574ba3a4de762c454822166cc65d3ea7a66","Elizabeth","Lopez","106 Peter Oval Apt. 201
Lake David, PA 12810","-46.1979175","-33.804466","460.38"
"48","collinsgordon@gmail.com","pbkdf2:sha256:260000$vbFFeqn6yFOGVVg6$0b59036b28238e4faead6028fbac30403ff5444f47fdf87192d0e6a193381dd0","David","Kelley","Unit 7844 Box 0992
DPO AA 26153","44.0831065","-58.570319","271.67"
"49","richard56@yahoo.com","pbkdf2:sha256:260000$gDb337q0kCI40LHe$707249872c440a0e57bb1edb3477f3acada1305889771992acba2120db0fd6d6","Daniel","Cortez","31925 Ware Trail Suite 586
Riveraview, ME 58653","-3.795660","-12.586616","7.27"
"50","fosterbryan@yahoo.com","pbkdf2:sha256:260000$lfvwmPD20eiE2iEU$5b72d78c6ef6d5b12102bf06560c595bec1bb2cd7e2ba4e17ddcb1f3655961b9","Laura","Morrison","224 Sparks Islands
South Valerie, ND 13613","-46.0261445","135.278226","452.31"
"51","anthonyvincent@yahoo.com","pbkdf2:sha256:260000$lVWikI9m37NuSAYS$a931fe7e0fc5695c753bcab9441ce032b8feb485b1bd3898642a8895a581c90a","Renee","Moore","5285 Lisa Course
North James, VT 86261","31.915595","-143.703781","181.75"
"52","sawyersamuel@yahoo.com","pbkdf2:sha256:260000$RPTIXdniW1JMnu85$6f5d3e4ee5d6bf5e011a118c6c3d386a7ffccec2891d2466b5116bd39ab46fe3","Alyssa","Farley","938 Jason Summit
Gallowayville, GA 21419","-42.4702525","-29.092291","274.07"
"53","gstone@yahoo.com","pbkdf2:sha256:260000$YCvyUXagglAPeunF$53b2f414562db7c741658927452af916f6558a125ffb28cabb2241ceff52be9d","Alexis","Williams","810 Ralph Via
Georgefurt, TN 42292","65.899473","-16.902660","125.86"
"54","kevinflores@gmail.com","pbkdf2:sha256:260000$XNFuk9QfehUtqArb$190606cbada13491740384ed390d2bd681b96d004ff6abab781396607227c16b","Jasmine","Castro","983 William Oval
New Jessica, DE 20592","64.7213075","42.847480","493.81"
"55","gordon43@hotmail.com","pbkdf2:sha256:260000$7UHsaYD6TScQvgHZ$7f591097e804d34d34bdc7d35ce64158f097cca737ce18870ea429a5f1eaddaa","Joseph","Williams","411 Craig Knoll
East Lauren, VA 97386","-61.8066645","-36.067942","353.30"
"56","matthew91@gmail.com","pbkdf2:sha256:260000$iwyvUhhtCxHHws3A$59c22bb692411e4b35f0186f370601b49c6afd69770fc2a07a2326aa51c8ccb3","David","Waters","2185 Curtis Summit
Lake Franceshaven, UT 65182","-77.752838","40.477496","324.51"
"57","tricia79@hotmail.com","pbkdf2:sha256:260000$HOfgshgpO3W2WZFl$7ace574b2bb95474682c14e41876cdee4c9b37f9e89b4ab1a5c5df7301938422","Jodi","Moore","PSC 1503, Box 3744
APO AP 49592","78.704221","131.937478","431.99"
"58","kaitlyn18@hotmail.com","pbkdf2:sha256:260000$hqMpQgX0SHgW4kDd$d9e9dae39a155e3fe0fce1a68650fc9c3421c1036fb90894531160c020621699","William","Mccarty","165 Lisa Ville Suite 918
New Emily, AK 02870","58.692905","-22.213192","255.94"
"59","luis49@hotmail.com","pbkdf2:sha256:260000$FdwEM1HDIzmyEzuE$79b53acdd10b509740207ff9005f0c40258877fd28868b52739851f9ee4937f9","Michael","Goodman","1128 Kimberly Lake Suite 506
Grantport, NJ 06309","-1.1522445","-172.002898","38.44"
"60","taylorterri@yahoo.com","pbkdf2:sha256:260000$RXZfcDesFZDlaDVw$eb69550344ccfdc6d847cd5d6d9f62f56c34829e1400c98d0532a620ad308be9","Wesley","Harris","39787 White Greens Apt. 054
Conniebury, AL 08275","-62.433538","34.879385","84.02"
"61","ferrellkeith@hotmail.com","pbkdf2:sha256:260000$d1jinTEjLmaEa5QU$0f3e17dbc19920adfe4a516703f69fce26f9e22427777ae7e2229163761138ce","Brent","Hernandez","5263 Eric Mount Suite 930
Derekmouth, OK 12916","-22.269559","-99.301284","220.00"
"62","tylerdavid@gmail.com","pbkdf2:sha256:260000$eIHijLbHF4tPb4Aj$f0b80e71c16a6f5215186c98cc9b3e766e91a0a02d3201d81f27bc6acb65cba5","Matthew","Cisneros","96654 Kelly Parks
Randybury, NH 26983","38.8137925","6.897960","464.94"
"63","fthomas@gmail.com","pbkdf2:sha256:260000$91xOmHPXj2DQI3wO$397aa0925e77b83b944edacb47ea85a524a69088558d8d541e244da8332b9903","Joshua","Barron","5899 Ryan Station
North Christineborough, MD 84710","-13.881941","-80.290321","181.26"
"64","rogerwright@hotmail.com","pbkdf2:sha256:260000$wnTHYS0e3IvUOznj$1fa15e06e1d7909ed0363a252d53ea3e0c8d3badf43c3fcd9f98f152cc865f3b","Mr.","Turner","PSC 3232, Box 0907
APO AA 72211","80.362503","-1.237071","49.42"
"65","baileylinda@hotmail.com","pbkdf2:sha256:260000$OLKfb1jdOAL1u8KV$5d0325daa3463b9890641f6168055ca78d6ad31eef9e68f2ed79434b39851e29","Robert","Simmons","69475 Rachel Light
South Joshuaton, MA 06327","73.3611205","5.368301","317.88"
"66","matthewpetersen@hotmail.com","pbkdf2:sha256:260000$Q92qhYocOHxD7hUS$ee8a6bd2c040957b93f7193beae9d31e74ee37e81ac278875a1722c5aad6bd9f","Robert","Dunn","46977 Rivera Route
Port Caleb, ND 66244","-55.0844615","31.429102","122.65"
"67","uhill@hotmail.com","pbkdf2:sha256:260000$puxTuSQ0wQ0QmTAx$840af0cc7f044438ea2a5d86c8d585ec14b5fa4dcee5700fc0f9901c7b662788","Tonya","Andersen","473 Joseph River
East Dennis, VT 04136","-64.0312375","-90.537848","195.59"
"68","courtney48@hotmail.com","pbkdf2:sha256:260000$UWjpKpDlyYBcrBj0$a2d85cfc78b332c899119757f3d667faa50f0c9f9110d266182b4d90e8797cee","Joseph","Williams","7944 Gamble Curve Apt. 781
East Frankchester, ND 33417","-28.008357","140.700508","266.08"
"69","kayla85@hotmail.com","pbkdf2:sha256:260000$9KmpSdyreHMeRZg8$712414fc3f6d1394276b511545dc2deee5233452f7769c758fad821cbd78e41f","Tammy","Peters","94374 Bobby Mews
Lake Garrettville, MT 30715","-5.825986","139.679450","370.11"
"70","jmcmahon@gmail.com","pbkdf2:sha256:260000$15Oq0Ddin0sjF9PW$3f7b413085f331998affb81bba19549db7d0cfa76b2ce649a3ea5ca28f885a43","Jimmy","Walker","4101 Savage Park
South Lorraine, VA 53629","-27.849076","-156.552541","232.09"
"71","smithstephanie@yahoo.com","pbkdf2:sha256:260000$sgI2nnifXCG4INT2$92e8242d13d3f0d07405a876b3269ab938d64828e7278a02f6c96f00fb3e061c","John","White","36106 Carlson Crescent
Shelbyburgh, PA 06683","86.1176525","84.716210","81.27"
"72","josephwinters@hotmail.com","pbkdf2:sha256:260000$w8JCzGPNlib7LaBe$3c06fd15adefcb7b19208a107189f908d48b44704882a119961eda4764f9ede1","Bryan","Sanford","953 Brian Bypass Apt. 351
West Jonathanton, CT 55987","9.395313","-9.061689","499.93"
"73","laurajones@yahoo.com","pbkdf2:sha256:260000$tYHVrvHlvbrHRC7Q$257485f701a2d3707a278d39264fa16d32267aea1fe5cb889704eda620ed0e49","Tracy","Shannon","1566 Allen Vista
Savannahfurt, OH 37483","-13.117081","88.869188","106.23"
"74","sknapp@gmail.com","pbkdf2:sha256:260000$XPAL41iYP9eu9zeJ$acecbb041819af566b1823023074510b20759af762252eedc8c81289a1bba003","Jessica","Reid","93550 Neal Vista
West Christinastad, MT 10762","-52.9719075","175.935831","233.60"
"75","heatherfloyd@hotmail.com","pbkdf2:sha256:260000$LqNLcG2bAbXVN7Lj$4194baea7445b29e113f080649e5d9a4c38df9c4f871c84af973bab3a0434f3a","Joshua","Schultz","7463 Anthony Street Suite 673
New Courtneyborough, WI 44380","19.998593","-111.581816","358.23"
"76","jacksonmorris@hotmail.com","pbkdf2:sha256:260000$hBlOjS4OOhLyinOW$b1cc87e6a292dc16c08488b2e59057e0edf37271cbda221bd2781724d6170669","Edward","Ochoa","9104 Hardy Flat
Lake Melanie, MA 40475","-19.895997","-176.202428","179.57"
"77","williamsmith@hotmail.com","pbkdf2:sha256:260000$3XnO5bbxLruisphZ$64a83d8b4110cc9670274030a069078902563e795abc6b785955d293c331246b","Alexander","Vargas","839 Gina Parkways Suite 180
Lucaston, TX 96089","85.814033","167.206827","310.78"
"78","mjohnson@hotmail.com","pbkdf2:sha256:260000$uTyUjgitQzMHKGXb$e5d692088f25765eb6f7aa49b04268d31626a393983b5f3771370decba76fd17","Kevin","Cruz","14038 Chandler Points
Stephanieville, WA 66447","74.7520285","144.043539","210.02"
"79","hopkinsemily@hotmail.com","pbkdf2:sha256:260000$1eMN9FXARaHwdJVO$5d2c0dfc0c366e153bbd781264e10162c5b2dc2faa8ae8078fc0a4473889bb57","Andrea","Allen","5316 Higgins Rapids Apt. 999
Mccartytown, ND 63318","33.300963","-98.929439","153.13"
"80","kathryn72@yahoo.com","pbkdf2:sha256:260000$SvFNsg46w1O6u3gB$3baa1e3f53fbc7a7170679ce845cf381553f91c151c004541eac14d190b0fd41","Amy","Rodriguez","24798 Kyle Shoals
Maryshire, IN 42719","-5.085330","51.130260","102.30"
"81","shellyjennings@hotmail.com","pbkdf2:sha256:260000$r41HffisHnO0HOFp$d3204d5dc989e164b052c888776c302499764ff7012a8479800d1111f245b572","Denise","Gonzalez","821 Bass Ferry
Lake Jordanchester, ME 27611","-69.925435","9.746099","158.32"
"82","shelly09@yahoo.com","pbkdf2:sha256:260000$0sVDgyjlckvTLnHq$94f2f864fc233f11e3b5ea5f8ef02b273ffe89e24584592133ede700d9a52176","Frank","Stewart","964 Jeffrey Brook
Wilsonborough, LA 77818","-89.6333545","40.039877","340.11"
"83","martin44@yahoo.com","pbkdf2:sha256:260000$NpcdUYAqLhNj6yOm$760360f56fed1d3d5f498e04e45e108956a56cba9edae99ea044e1219e698549","Chase","Walker","734 Johnson Lakes
Tiffanyshire, IN 92362","74.230139","-166.076512","57.89"
"84","christopherwilson@hotmail.com","pbkdf2:sha256:260000$6HiKw1mlWut0Bw8o$a54058df99633e15654c4b16fdc02b95e4946ec063057938c8da103d6fa9c8f0","George","Butler","57715 Harper Street
Barryborough, LA 34759","-81.5290405","-141.720359","382.41"
"85","steven26@yahoo.com","pbkdf2:sha256:260000$ioF5dMfIySL3GRur$986d6f528dbe567c342a2d80c6e054a175afbc3adf14d53a3f48bfec94428652","Shawn","Gregory","747 Lee Ford Apt. 772
Port Russell, IL 46141","67.219820","-108.887663","209.93"
"86","amyhuff@gmail.com","pbkdf2:sha256:260000$FosFswEqOgS2KkEd$e96a47271e8fa5bd7f44b937e01dcb3aa9d43eb9795ccf73773afb88fe47e4f2","Glenda","Shelton","44232 Peterson Parkway
Port Stephanie, OR 06453","-1.2239265","-69.618236","240.63"
"87","gilmorekevin@yahoo.com","pbkdf2:sha256:260000$3OdRUBppUHqGqUcX$44db4aeeebdb3c362e8462eb858d10b17c4b264ac369572f12cd552595b8e021","Holly","Beasley","5703 Lyons Isle Suite 501
North Lawrenceshire, DC 98234","-39.865589","-74.240379","307.93"
"88","elizabethyang@gmail.com","pbkdf2:sha256:260000$3isXOURtOWza5V2Q$1d840b95a173d763cf2851d537d6486c599c47e19fe6056c48c8ba6751775bb1","Savannah","Miller","300 Salazar Square Apt. 339
Boyerhaven, WV 23452","23.7221905","-102.209867","2.30"
"89","jeremy83@hotmail.com","pbkdf2:sha256:260000$A5r710zLQiBLMvMg$b8c6cb6f5f5f2c3dbc28e0198d7b780871e5f9b0f17d2796b133b251d25675df","Spencer","Duncan","1604 Perry Island Suite 400
Cortezville, AZ 28041","-44.430798","-122.228706","258.37"
"90","jonathan73@yahoo.com","pbkdf2:sha256:260000$yMKy2DA0SzW4j378$d3d0baa94ef8499e33e16768b9d29edfbf758522856b2923f3b745fa41989ed1","Brian","Lawson","9928 Leach Cove Apt. 182
Mooreton, IL 16060","-55.195734","-148.249134","309.71"
"91","ukirby@gmail.com","pbkdf2:sha256:260000$wmwWpTdKdF7bUcfw$53c8490fdd61153960398ee0e921d5c46d0ce28583cbaf4dc1ade30f85e0a1ae","Matthew","Miller","430 Davis Streets
Jessicastad, PA 95772","14.511750","146.558863","52.79"
"92","inelson@hotmail.com","pbkdf2:sha256:260000$hihtZmfs5Axc1G5B$dac34783dedb5e30019234748a236fb88160352a5c70c9f79b0b818c0f759c5c","Dennis","Mcdonald","USNS Davis
FPO AE 17008","78.042553","-110.538445","439.37"
"93","tyler75@hotmail.com","pbkdf2:sha256:260000$pP8fzm1CxkHIfgRZ$fce8eb089762c0308cdd288246e913b859687c272465a15f0400c83f91d19a03","Alexis","Phillips","710 Chambers Mews Apt. 429
Griffinstad, MT 71311","-18.646419","-160.691516","42.14"
"94","kennethwilliams@gmail.com","pbkdf2:sha256:260000$biQqn7WD6khPy4gc$4c85f6da0f38e9338ff767f57001826a9a76cb71657e0d90a37906409bf4a6d3","Thomas","Richards","145 Roberts Common Suite 347
East Lindseyville, MA 56035","8.120712","-94.451604","157.59"
"95","richardcollier@hotmail.com","pbkdf2:sha256:260000$xmXs3EOYGv5tSoN2$d69cbece7b7850dcad59acdacf58b397709b10944ba6cff671440e8b7e88101f","Ronald","Rangel","43856 Michelle Garden Apt. 763
New Kathychester, VT 65096","-4.9598425","-120.136376","487.87"
"96","amandadiaz@gmail.com","pbkdf2:sha256:260000$fP5fmj8T6VD6H9W3$68fd9c2cea8d10096afb0a68aa976d803b3641c5897eded2c8fe85c7454d236f","Richard","Perez","79532 Kevin Parkways Apt. 636
Matthewsfurt, OH 00922","-2.842921","0.811067","268.13"
"97","dmurphy@gmail.com","pbkdf2:sha256:260000$DxzTTxDx5B5Qaki7$702ad059b50fd97e8c357cda466d1457036b592eab52345ff660228363d3c7a7","Amy","Decker","814 Williams Trail Suite 707
Port Jacqueline, RI 46733","-36.5748885","41.785689","301.85"
"98","debra23@yahoo.com","pbkdf2:sha256:260000$zmy2PhjLWLz2j2g4$6e0da4e707a0eedc74ef2ac3a86e32195e76b866a2e7060c57ebafb30dd52b3b","John","Bell","7723 Cardenas Squares
Lake Jeffreyland, NV 62157","-45.210766","-130.842720","126.05"
"99","lori81@yahoo.com","pbkdf2:sha256:260000$DdrLnen4JSrMh7iL$a166a35d4ec3caca889f227ba7ee2d1a8ce6ffee4cb94e9844c4cea8e1837f47","Kyle","Griffith","453 Cooper Plains
Salasmouth, NE 53528","-38.1536715","102.541524","43.43"
